case:concept:name,case:OrganizationalEntity,type_a,type_b,compliant
travel permit 10148,organizational unit 65456,True,False,False
travel permit 10165,organizational unit 65459,True,False,False
travel permit 10276,organizational unit 65458,True,False,False
travel permit 1037,organizational unit 65454,True,False,False
travel permit 10575,organizational unit 65460,True,False,False
travel permit 10636,organizational unit 65461,True,False,False
travel permit 10790,organizational unit 65457,True,False,False
travel permit 10984,organizational unit 65466,True,False,False
travel permit 11023,organizational unit 65459,True,False,False
travel permit 1112,organizational unit 65460,True,False,False
travel permit 11136,organizational unit 65454,True,False,False
travel permit 11147,organizational unit 65454,True,False,False
travel permit 11175,organizational unit 65472,True,False,False
travel permit 11231,organizational unit 65459,True,False,False
travel permit 11237,organizational unit 65455,True,False,False
travel permit 11407,organizational unit 65457,True,False,False
travel permit 11417,organizational unit 65455,True,False,False
travel permit 11522,organizational unit 65457,True,False,False
travel permit 11535,organizational unit 65460,True,False,False
travel permit 11556,organizational unit 65456,True,False,False
travel permit 11592,organizational unit 65456,True,False,False
travel permit 11896,organizational unit 65457,True,False,False
travel permit 11919,organizational unit 65458,True,False,False
travel permit 12156,organizational unit 65454,True,False,False
travel permit 12169,organizational unit 65470,True,False,False
travel permit 12190,organizational unit 65458,True,False,False
travel permit 12192,organizational unit 65460,True,False,False
travel permit 12257,organizational unit 65456,True,False,False
travel permit 12277,organizational unit 65477,True,False,False
travel permit 12387,organizational unit 65459,True,False,False
travel permit 12510,organizational unit 65466,True,False,False
travel permit 12619,organizational unit 65459,True,False,False
travel permit 1262,organizational unit 65464,True,False,False
travel permit 12641,organizational unit 65456,True,False,False
travel permit 1284,organizational unit 65454,True,False,False
travel permit 1297,organizational unit 65466,True,False,False
travel permit 13082,organizational unit 65457,True,False,False
travel permit 13115,organizational unit 65456,True,False,False
travel permit 13130,organizational unit 65464,True,False,False
travel permit 1325,organizational unit 65466,True,False,False
travel permit 13286,organizational unit 65455,True,False,False
travel permit 13481,organizational unit 65464,True,False,False
travel permit 13587,organizational unit 65459,True,False,False
travel permit 13615,organizational unit 65459,True,False,False
travel permit 13629,organizational unit 65458,True,False,False
travel permit 14009,organizational unit 65464,True,False,False
travel permit 14035,organizational unit 65458,True,False,False
travel permit 14081,organizational unit 65472,True,False,False
travel permit 14098,organizational unit 65464,True,False,False
travel permit 14125,organizational unit 65466,True,False,False
travel permit 14146,organizational unit 65456,True,False,False
travel permit 14193,organizational unit 65458,True,False,False
travel permit 14355,organizational unit 65460,True,False,False
travel permit 14376,organizational unit 65459,True,False,False
travel permit 14447,organizational unit 65456,True,False,False
travel permit 14459,organizational unit 65456,True,False,False
travel permit 14724,organizational unit 65458,True,False,False
travel permit 14790,organizational unit 65457,True,False,False
travel permit 1480,organizational unit 65461,True,False,False
travel permit 14815,organizational unit 65457,True,False,False
travel permit 14946,organizational unit 65454,True,False,False
travel permit 15003,organizational unit 65454,True,False,False
travel permit 15035,organizational unit 65454,True,False,False
travel permit 15078,organizational unit 65454,True,False,False
travel permit 15116,organizational unit 65456,True,False,False
travel permit 15166,organizational unit 65454,True,False,False
travel permit 15217,organizational unit 65458,True,False,False
travel permit 15353,organizational unit 65455,True,False,False
travel permit 15371,organizational unit 65477,True,False,False
travel permit 15377,organizational unit 65477,True,False,False
travel permit 15383,organizational unit 65477,True,False,False
travel permit 15419,organizational unit 65458,True,False,False
travel permit 15434,organizational unit 65466,True,False,False
travel permit 15589,organizational unit 65456,True,False,False
travel permit 15870,organizational unit 65464,True,False,False
travel permit 15936,organizational unit 65456,True,False,False
travel permit 15950,organizational unit 65458,True,False,False
travel permit 15983,organizational unit 65457,True,False,False
travel permit 15993,organizational unit 65477,True,False,False
travel permit 15999,organizational unit 65477,True,False,False
travel permit 16005,organizational unit 65477,True,False,False
travel permit 16034,organizational unit 65466,True,False,False
travel permit 16039,organizational unit 65459,True,False,False
travel permit 1614,organizational unit 65459,True,False,False
travel permit 16244,organizational unit 65458,True,False,False
travel permit 16259,organizational unit 65456,True,False,False
travel permit 16320,organizational unit 65458,True,False,False
travel permit 16396,organizational unit 65458,True,False,False
travel permit 16406,organizational unit 65457,True,False,False
travel permit 16558,organizational unit 65458,True,False,False
travel permit 16614,organizational unit 65457,True,False,False
travel permit 16670,organizational unit 65457,True,False,False
travel permit 16704,organizational unit 65460,True,False,False
travel permit 16765,organizational unit 65457,True,False,False
travel permit 16823,organizational unit 65455,True,False,False
travel permit 16891,organizational unit 65473,True,False,False
travel permit 16925,organizational unit 65456,True,False,False
travel permit 16998,organizational unit 65455,True,False,False
travel permit 17174,organizational unit 65456,True,False,False
travel permit 1726,organizational unit 65456,True,False,False
travel permit 17412,organizational unit 65458,True,False,False
travel permit 17565,organizational unit 65477,True,False,False
travel permit 17572,organizational unit 65477,True,False,False
travel permit 17578,organizational unit 65477,True,False,False
travel permit 17584,organizational unit 65477,True,False,False
travel permit 17590,organizational unit 65477,True,False,False
travel permit 17596,organizational unit 65477,True,False,False
travel permit 17602,organizational unit 65477,True,False,False
travel permit 17608,organizational unit 65477,True,False,False
travel permit 17746,organizational unit 65458,True,False,False
travel permit 17769,organizational unit 65457,True,False,False
travel permit 17796,organizational unit 65460,True,False,False
travel permit 17827,organizational unit 65455,True,False,False
travel permit 17935,organizational unit 65459,True,False,False
travel permit 18059,organizational unit 65464,True,False,False
travel permit 18099,organizational unit 65460,True,False,False
travel permit 18163,organizational unit 65464,True,False,False
travel permit 18178,organizational unit 65459,True,False,False
travel permit 1835,organizational unit 65457,True,False,False
travel permit 18385,organizational unit 65455,True,False,False
travel permit 18592,organizational unit 65466,True,False,False
travel permit 18616,organizational unit 65466,True,False,False
travel permit 18743,organizational unit 65456,True,False,False
travel permit 1882,organizational unit 65459,True,False,False
travel permit 18932,organizational unit 65455,True,False,False
travel permit 18943,organizational unit 65464,True,False,False
travel permit 19084,organizational unit 65480,True,False,False
travel permit 19203,organizational unit 65456,True,False,False
travel permit 19214,organizational unit 65456,True,False,False
travel permit 19224,organizational unit 65456,True,False,False
travel permit 19473,organizational unit 65464,True,False,False
travel permit 19761,organizational unit 65456,True,False,False
travel permit 19990,organizational unit 65455,True,False,False
travel permit 20014,organizational unit 65466,True,False,False
travel permit 20031,organizational unit 65466,True,False,False
travel permit 20051,organizational unit 65466,True,False,False
travel permit 20074,organizational unit 65466,True,False,False
travel permit 20211,organizational unit 65460,True,False,False
travel permit 20314,organizational unit 65475,True,False,False
travel permit 20487,organizational unit 65464,True,False,False
travel permit 20557,organizational unit 65458,True,False,False
travel permit 20666,organizational unit 65458,True,False,False
travel permit 21051,organizational unit 65458,True,False,False
travel permit 21103,organizational unit 65458,True,False,False
travel permit 21204,organizational unit 65458,True,False,False
travel permit 21521,organizational unit 65466,True,False,False
travel permit 21624,organizational unit 65472,True,False,False
travel permit 21668,organizational unit 65466,True,False,False
travel permit 21720,organizational unit 65455,True,False,False
travel permit 21740,organizational unit 65457,True,False,False
travel permit 21770,organizational unit 65461,True,False,False
travel permit 21896,organizational unit 65458,True,False,False
travel permit 21943,organizational unit 65460,True,False,False
travel permit 22042,organizational unit 65455,True,False,False
travel permit 22054,organizational unit 65460,True,False,False
travel permit 22220,organizational unit 65457,True,False,False
travel permit 22650,organizational unit 65458,True,False,False
travel permit 2269,organizational unit 65455,True,False,False
travel permit 22719,organizational unit 65458,True,False,False
travel permit 23022,organizational unit 65458,True,False,False
travel permit 23277,organizational unit 65464,True,False,False
travel permit 23360,organizational unit 65456,True,False,False
travel permit 23612,organizational unit 65456,True,False,False
travel permit 23736,organizational unit 65464,True,False,False
travel permit 23865,organizational unit 65466,True,False,False
travel permit 2399,organizational unit 65470,True,False,False
travel permit 23991,organizational unit 65465,True,False,False
travel permit 24204,organizational unit 65464,True,False,False
travel permit 2425,organizational unit 65460,True,False,False
travel permit 24280,organizational unit 65470,True,False,False
travel permit 24444,organizational unit 65460,True,False,False
travel permit 24454,organizational unit 65460,True,False,False
travel permit 24511,organizational unit 65458,True,False,False
travel permit 24919,organizational unit 65459,True,False,False
travel permit 24940,organizational unit 65457,True,False,False
travel permit 25019,organizational unit 65455,True,False,False
travel permit 25041,organizational unit 65457,True,False,False
travel permit 25056,organizational unit 65459,True,False,False
travel permit 25172,organizational unit 65458,True,False,False
travel permit 25182,organizational unit 65455,True,False,False
travel permit 25214,organizational unit 65454,True,False,False
travel permit 25374,organizational unit 65456,True,False,False
travel permit 25486,organizational unit 65456,True,False,False
travel permit 25529,organizational unit 65456,True,False,False
travel permit 26075,organizational unit 65458,True,False,False
travel permit 26288,organizational unit 65456,True,False,False
travel permit 26366,organizational unit 65466,True,False,False
travel permit 26391,organizational unit 65458,True,False,False
travel permit 26396,organizational unit 65456,True,False,False
travel permit 26401,organizational unit 65454,True,False,False
travel permit 26411,organizational unit 65477,True,False,False
travel permit 26431,organizational unit 65483,True,False,False
travel permit 26457,organizational unit 65456,True,False,False
travel permit 26513,organizational unit 65455,True,False,False
travel permit 26524,organizational unit 65455,True,False,False
travel permit 26540,organizational unit 65459,True,False,False
travel permit 26565,organizational unit 65456,True,False,False
travel permit 26601,organizational unit 65470,True,False,False
travel permit 26654,organizational unit 65464,True,False,False
travel permit 27025,organizational unit 65458,True,False,False
travel permit 27111,organizational unit 65461,True,False,False
travel permit 27183,organizational unit 65455,True,False,False
travel permit 27384,organizational unit 65454,True,False,False
travel permit 27531,organizational unit 65460,True,False,False
travel permit 27629,organizational unit 65460,True,False,False
travel permit 27646,organizational unit 65457,True,False,False
travel permit 27710,organizational unit 65459,True,False,False
travel permit 27751,organizational unit 65458,True,False,False
travel permit 27990,organizational unit 65460,True,False,False
travel permit 28178,organizational unit 65456,True,False,False
travel permit 28567,organizational unit 65457,True,False,False
travel permit 28843,organizational unit 65458,True,False,False
travel permit 2893,organizational unit 65456,True,False,False
travel permit 28962,organizational unit 65454,True,False,False
travel permit 29119,organizational unit 65464,True,False,False
travel permit 29161,organizational unit 65456,True,False,False
travel permit 29187,organizational unit 65454,True,False,False
travel permit 29212,organizational unit 65457,True,False,False
travel permit 2943,organizational unit 65472,True,False,False
travel permit 29469,organizational unit 65460,True,False,False
travel permit 29525,organizational unit 65464,True,False,False
travel permit 29536,organizational unit 65459,True,False,False
travel permit 29560,organizational unit 65459,True,False,False
travel permit 29580,organizational unit 65457,True,False,False
travel permit 29762,organizational unit 65458,True,False,False
travel permit 29828,organizational unit 65454,True,False,False
travel permit 29856,organizational unit 65455,True,False,False
travel permit 29982,organizational unit 65466,True,False,False
travel permit 30099,organizational unit 65456,True,False,False
travel permit 30191,organizational unit 65456,True,False,False
travel permit 30229,organizational unit 65454,True,False,False
travel permit 30374,organizational unit 65456,True,False,False
travel permit 30611,organizational unit 65458,True,False,False
travel permit 30675,organizational unit 65457,True,False,False
travel permit 31283,organizational unit 65456,True,False,False
travel permit 31311,organizational unit 65456,True,False,False
travel permit 31373,organizational unit 65455,True,False,False
travel permit 31493,organizational unit 65460,True,False,False
travel permit 31540,organizational unit 65454,True,False,False
travel permit 31707,organizational unit 65461,True,False,False
travel permit 31750,organizational unit 65455,True,False,False
travel permit 31791,organizational unit 65454,True,False,False
travel permit 31973,organizational unit 65458,True,False,False
travel permit 32014,organizational unit 65460,True,False,False
travel permit 32146,organizational unit 65456,True,False,False
travel permit 32577,organizational unit 65458,True,False,False
travel permit 32967,organizational unit 65466,True,False,False
travel permit 33057,organizational unit 65466,True,False,False
travel permit 33102,organizational unit 65458,True,False,False
travel permit 33158,organizational unit 65458,True,False,False
travel permit 33171,organizational unit 65460,True,False,False
travel permit 33242,organizational unit 65458,True,False,False
travel permit 3349,organizational unit 65464,True,False,False
travel permit 33510,organizational unit 65456,True,False,False
travel permit 33520,organizational unit 65460,True,False,False
travel permit 33590,organizational unit 65456,True,False,False
travel permit 33602,organizational unit 65457,True,False,False
travel permit 33612,organizational unit 65458,True,False,False
travel permit 33723,organizational unit 65456,True,False,False
travel permit 33815,organizational unit 65466,True,False,False
travel permit 33879,organizational unit 65464,True,False,False
travel permit 33988,organizational unit 65457,True,False,False
travel permit 34150,organizational unit 65455,True,False,False
travel permit 34195,organizational unit 65458,True,False,False
travel permit 34207,organizational unit 65464,True,False,False
travel permit 34291,organizational unit 65460,True,False,False
travel permit 34318,organizational unit 65459,True,False,False
travel permit 34341,organizational unit 65469,True,False,False
travel permit 34354,organizational unit 65460,True,False,False
travel permit 34395,organizational unit 65457,True,False,False
travel permit 34484,organizational unit 65466,True,False,False
travel permit 34581,organizational unit 65466,True,False,False
travel permit 35166,organizational unit 65460,True,False,False
travel permit 35262,organizational unit 65455,True,False,False
travel permit 35478,organizational unit 65454,True,False,False
travel permit 35621,organizational unit 65456,True,False,False
travel permit 35828,organizational unit 65454,True,False,False
travel permit 35903,organizational unit 65455,True,False,False
travel permit 36045,organizational unit 65458,True,False,False
travel permit 36313,organizational unit 65460,True,False,False
travel permit 36462,organizational unit 65457,True,False,False
travel permit 36477,organizational unit 65457,True,False,False
travel permit 36748,organizational unit 65466,True,False,False
travel permit 36857,organizational unit 65460,True,False,False
travel permit 36988,organizational unit 65460,True,False,False
travel permit 37159,organizational unit 65456,True,False,False
travel permit 37341,organizational unit 65464,True,False,False
travel permit 37391,organizational unit 65466,True,False,False
travel permit 37661,organizational unit 65464,True,False,False
travel permit 37763,organizational unit 65460,True,False,False
travel permit 37885,organizational unit 65457,True,False,False
travel permit 38108,organizational unit 65455,True,False,False
travel permit 38300,organizational unit 65457,True,False,False
travel permit 38327,organizational unit 65460,True,False,False
travel permit 3842,organizational unit 65455,True,False,False
travel permit 3853,organizational unit 65464,True,False,False
travel permit 38681,organizational unit 65454,True,False,False
travel permit 38751,organizational unit 65454,True,False,False
travel permit 38792,organizational unit 65458,True,False,False
travel permit 39016,organizational unit 65455,True,False,False
travel permit 39151,organizational unit 65459,True,False,False
travel permit 39510,organizational unit 65459,True,False,False
travel permit 39619,organizational unit 65460,True,False,False
travel permit 40028,organizational unit 65457,True,False,False
travel permit 40367,organizational unit 65459,True,False,False
travel permit 40420,organizational unit 65454,True,False,False
travel permit 40428,organizational unit 65464,True,False,False
travel permit 40472,organizational unit 65459,True,False,False
travel permit 4049,organizational unit 65456,True,False,False
travel permit 40859,organizational unit 65460,True,False,False
travel permit 4086,organizational unit 65455,True,False,False
travel permit 40961,organizational unit 65459,True,False,False
travel permit 41106,organizational unit 65457,True,False,False
travel permit 41647,organizational unit 65458,True,False,False
travel permit 4168,organizational unit 65458,True,False,False
travel permit 41704,organizational unit 65472,True,False,False
travel permit 41741,organizational unit 65457,True,False,False
travel permit 41872,organizational unit 65460,True,False,False
travel permit 42174,organizational unit 65460,True,False,False
travel permit 42199,organizational unit 65458,True,False,False
travel permit 42399,organizational unit 65457,True,False,False
travel permit 4245,organizational unit 65458,True,False,False
travel permit 42480,organizational unit 65466,True,False,False
travel permit 42649,organizational unit 65456,True,False,False
travel permit 42885,organizational unit 65458,True,False,False
travel permit 43743,organizational unit 65460,True,False,False
travel permit 43900,organizational unit 65456,True,False,False
travel permit 43945,organizational unit 65455,True,False,False
travel permit 44030,organizational unit 65459,True,False,False
travel permit 44257,organizational unit 65457,True,False,False
travel permit 4432,organizational unit 65464,True,False,False
travel permit 44375,organizational unit 65460,True,False,False
travel permit 4442,organizational unit 65457,True,False,False
travel permit 44450,organizational unit 65458,True,False,False
travel permit 44472,organizational unit 65458,True,False,False
travel permit 44637,organizational unit 65458,True,False,False
travel permit 44690,organizational unit 65454,True,False,False
travel permit 44703,organizational unit 65456,True,False,False
travel permit 44932,organizational unit 65457,True,False,False
travel permit 44977,organizational unit 65455,True,False,False
travel permit 44999,organizational unit 65454,True,False,False
travel permit 45089,organizational unit 65472,True,False,False
travel permit 45147,organizational unit 65458,True,False,False
travel permit 45331,organizational unit 65455,True,False,False
travel permit 4537,organizational unit 65458,True,False,False
travel permit 45391,organizational unit 65458,True,False,False
travel permit 45548,organizational unit 65459,True,False,False
travel permit 45570,organizational unit 65458,True,False,False
travel permit 4584,organizational unit 65459,True,False,False
travel permit 45861,organizational unit 65454,True,False,False
travel permit 45871,organizational unit 65456,True,False,False
travel permit 45908,organizational unit 65472,True,False,False
travel permit 46003,organizational unit 65458,True,False,False
travel permit 46103,organizational unit 65458,True,False,False
travel permit 46411,organizational unit 65455,True,False,False
travel permit 4664,organizational unit 65456,True,False,False
travel permit 46725,organizational unit 65456,True,False,False
travel permit 47104,organizational unit 65460,True,False,False
travel permit 4730,organizational unit 65464,True,False,False
travel permit 47308,organizational unit 65455,True,False,False
travel permit 47373,organizational unit 65455,True,False,False
travel permit 47395,organizational unit 65466,True,False,False
travel permit 47610,organizational unit 65464,True,False,False
travel permit 47848,organizational unit 65456,True,False,False
travel permit 47880,organizational unit 65454,True,False,False
travel permit 47931,organizational unit 65466,True,False,False
travel permit 47942,organizational unit 65454,True,False,False
travel permit 47958,organizational unit 65459,True,False,False
travel permit 48001,organizational unit 65464,True,False,False
travel permit 48082,organizational unit 65464,True,False,False
travel permit 48375,organizational unit 65454,True,False,False
travel permit 48391,organizational unit 65461,True,False,False
travel permit 48444,organizational unit 65456,True,False,False
travel permit 48603,organizational unit 65456,True,False,False
travel permit 4863,organizational unit 65460,True,False,False
travel permit 48641,organizational unit 65454,True,False,False
travel permit 4868,organizational unit 65458,True,False,False
travel permit 48745,organizational unit 65454,True,False,False
travel permit 48935,organizational unit 65460,True,False,False
travel permit 4894,organizational unit 65456,True,False,False
travel permit 49309,organizational unit 65456,True,False,False
travel permit 49324,organizational unit 65455,True,False,False
travel permit 49427,organizational unit 65460,True,False,False
travel permit 49462,organizational unit 65464,True,False,False
travel permit 49520,organizational unit 65454,True,False,False
travel permit 49541,organizational unit 65454,True,False,False
travel permit 49597,organizational unit 65456,True,False,False
travel permit 49781,organizational unit 65457,True,False,False
travel permit 49877,organizational unit 65464,True,False,False
travel permit 50006,organizational unit 65457,True,False,False
travel permit 5005,organizational unit 65457,True,False,False
travel permit 50121,organizational unit 65459,True,False,False
travel permit 50151,organizational unit 65455,True,False,False
travel permit 50250,organizational unit 65464,True,False,False
travel permit 50260,organizational unit 65464,True,False,False
travel permit 50285,organizational unit 65464,True,False,False
travel permit 5032,organizational unit 65454,True,False,False
travel permit 50386,organizational unit 65458,True,False,False
travel permit 5050,organizational unit 65454,True,False,False
travel permit 50682,organizational unit 65460,True,False,False
travel permit 50702,organizational unit 65456,True,False,False
travel permit 50728,organizational unit 65460,True,False,False
travel permit 50814,organizational unit 65457,True,False,False
travel permit 50872,organizational unit 65457,True,False,False
travel permit 51018,organizational unit 65454,True,False,False
travel permit 51129,organizational unit 65457,True,False,False
travel permit 51141,organizational unit 65466,True,False,False
travel permit 51224,organizational unit 65454,True,False,False
travel permit 51268,organizational unit 65454,True,False,False
travel permit 51340,organizational unit 65460,True,False,False
travel permit 51366,organizational unit 65466,True,False,False
travel permit 51407,organizational unit 65456,True,False,False
travel permit 51610,organizational unit 65459,True,False,False
travel permit 51733,organizational unit 65477,True,False,False
travel permit 51778,organizational unit 65456,True,False,False
travel permit 51802,organizational unit 65454,True,False,False
travel permit 51997,organizational unit 65457,True,False,False
travel permit 52110,organizational unit 65456,True,False,False
travel permit 52165,organizational unit 65466,True,False,False
travel permit 52182,organizational unit 65456,True,False,False
travel permit 5221,organizational unit 65457,True,False,False
travel permit 52285,organizational unit 65455,True,False,False
travel permit 52416,organizational unit 65455,True,False,False
travel permit 52594,organizational unit 65458,True,False,False
travel permit 52789,organizational unit 65464,True,False,False
travel permit 52801,organizational unit 65459,True,False,False
travel permit 5304,organizational unit 65469,True,False,False
travel permit 53153,organizational unit 65461,True,False,False
travel permit 53194,organizational unit 65460,True,False,False
travel permit 53343,organizational unit 65455,True,False,False
travel permit 53501,organizational unit 65454,True,False,False
travel permit 53530,organizational unit 65458,True,False,False
travel permit 53565,organizational unit 65466,True,False,False
travel permit 53603,organizational unit 65464,True,False,False
travel permit 53623,organizational unit 65459,True,False,False
travel permit 53647,organizational unit 65459,True,False,False
travel permit 54051,organizational unit 65459,True,False,False
travel permit 54282,organizational unit 65456,True,False,False
travel permit 54418,organizational unit 65454,True,False,False
travel permit 5445,organizational unit 65460,True,False,False
travel permit 54463,organizational unit 65466,True,False,False
travel permit 55022,organizational unit 65457,True,False,False
travel permit 55104,organizational unit 65458,True,False,False
travel permit 55180,organizational unit 65458,True,False,False
travel permit 55235,organizational unit 65460,True,False,False
travel permit 55267,organizational unit 65455,True,False,False
travel permit 5536,organizational unit 65457,True,False,False
travel permit 55656,organizational unit 65460,True,False,False
travel permit 55759,organizational unit 65459,True,False,False
travel permit 55794,organizational unit 65466,True,False,False
travel permit 55834,organizational unit 65464,True,False,False
travel permit 56276,organizational unit 65457,True,False,False
travel permit 56342,organizational unit 65460,True,False,False
travel permit 56362,organizational unit 65460,True,False,False
travel permit 56425,organizational unit 65464,True,False,False
travel permit 56588,organizational unit 65456,True,False,False
travel permit 56600,organizational unit 65456,True,False,False
travel permit 56617,organizational unit 65456,True,False,False
travel permit 56714,organizational unit 65458,True,False,False
travel permit 56927,organizational unit 65457,True,False,False
travel permit 56939,organizational unit 65460,True,False,False
travel permit 57040,organizational unit 65458,True,False,False
travel permit 57078,organizational unit 65454,True,False,False
travel permit 5709,organizational unit 65456,True,False,False
travel permit 57115,organizational unit 65454,True,False,False
travel permit 57433,organizational unit 65456,True,False,False
travel permit 57443,organizational unit 65456,True,False,False
travel permit 57545,organizational unit 65466,True,False,False
travel permit 57634,organizational unit 65455,True,False,False
travel permit 57665,organizational unit 65454,True,False,False
travel permit 5786,organizational unit 65456,True,False,False
travel permit 57889,organizational unit 65455,True,False,False
travel permit 57927,organizational unit 65455,True,False,False
travel permit 5796,organizational unit 65457,True,False,False
travel permit 58024,organizational unit 65460,True,False,False
travel permit 5816,organizational unit 65458,True,False,False
travel permit 58317,organizational unit 65454,True,False,False
travel permit 58348,organizational unit 65455,True,False,False
travel permit 58406,organizational unit 65455,True,False,False
travel permit 58430,organizational unit 65459,True,False,False
travel permit 58843,organizational unit 65455,True,False,False
travel permit 58853,organizational unit 65468,True,False,False
travel permit 58924,organizational unit 65455,True,False,False
travel permit 58954,organizational unit 65456,True,False,False
travel permit 59147,organizational unit 65458,True,False,False
travel permit 59376,organizational unit 65458,True,False,False
travel permit 5950,organizational unit 65458,True,False,False
travel permit 5960,organizational unit 65458,True,False,False
travel permit 59701,organizational unit 65458,True,False,False
travel permit 59850,organizational unit 65461,True,False,False
travel permit 60202,organizational unit 65464,True,False,False
travel permit 6025,organizational unit 65469,True,False,False
travel permit 60274,organizational unit 65458,True,False,False
travel permit 60534,organizational unit 65454,True,False,False
travel permit 60552,organizational unit 65458,True,False,False
travel permit 60565,organizational unit 65460,True,False,False
travel permit 60607,organizational unit 65456,True,False,False
travel permit 60660,organizational unit 65457,True,False,False
travel permit 60962,organizational unit 65454,True,False,False
travel permit 61182,organizational unit 65456,True,False,False
travel permit 61198,organizational unit 65458,True,False,False
travel permit 61211,organizational unit 65461,True,False,False
travel permit 61223,organizational unit 65457,True,False,False
travel permit 61248,organizational unit 65460,True,False,False
travel permit 61258,organizational unit 65457,True,False,False
travel permit 61272,organizational unit 65456,True,False,False
travel permit 61351,organizational unit 65467,True,False,False
travel permit 61378,organizational unit 65455,True,False,False
travel permit 61581,organizational unit 65457,True,False,False
travel permit 61652,organizational unit 65455,True,False,False
travel permit 61668,organizational unit 65458,True,False,False
travel permit 61794,organizational unit 65456,True,False,False
travel permit 61858,organizational unit 65456,True,False,False
travel permit 61908,organizational unit 65459,True,False,False
travel permit 62039,organizational unit 65458,True,False,False
travel permit 62419,organizational unit 65458,True,False,False
travel permit 62539,organizational unit 65457,True,False,False
travel permit 62641,organizational unit 65454,True,False,False
travel permit 62645,organizational unit 65460,True,False,False
travel permit 62665,organizational unit 65475,True,False,False
travel permit 63014,organizational unit 65455,True,False,False
travel permit 63027,organizational unit 65458,True,False,False
travel permit 63037,organizational unit 65455,True,False,False
travel permit 63064,organizational unit 65456,True,False,False
travel permit 63079,organizational unit 65456,True,False,False
travel permit 63323,organizational unit 65459,True,False,False
travel permit 63453,organizational unit 65458,True,False,False
travel permit 63590,organizational unit 65466,True,False,False
travel permit 63783,organizational unit 65458,True,False,False
travel permit 6392,organizational unit 65455,True,False,False
travel permit 63972,organizational unit 65454,True,False,False
travel permit 63988,organizational unit 65454,True,False,False
travel permit 64095,organizational unit 65458,True,False,False
travel permit 64140,organizational unit 65454,True,False,False
travel permit 64232,organizational unit 65458,True,False,False
travel permit 64412,organizational unit 65464,True,False,False
travel permit 64505,organizational unit 65458,True,False,False
travel permit 64545,organizational unit 65454,True,False,False
travel permit 64623,organizational unit 65456,True,False,False
travel permit 64717,organizational unit 65457,True,False,False
travel permit 64727,organizational unit 65458,True,False,False
travel permit 64873,organizational unit 65466,True,False,False
travel permit 64879,organizational unit 65455,True,False,False
travel permit 65106,organizational unit 65465,True,False,False
travel permit 65250,organizational unit 65454,True,False,False
travel permit 65469,organizational unit 65454,True,False,False
travel permit 65527,organizational unit 65455,True,False,False
travel permit 65653,organizational unit 65458,True,False,False
travel permit 65737,organizational unit 65456,True,False,False
travel permit 65757,organizational unit 65460,True,False,False
travel permit 65879,organizational unit 65459,True,False,False
travel permit 66054,organizational unit 65456,True,False,False
travel permit 66109,organizational unit 65454,True,False,False
travel permit 66209,organizational unit 65456,True,False,False
travel permit 66215,organizational unit 65459,True,False,False
travel permit 66312,organizational unit 65459,True,False,False
travel permit 66341,organizational unit 65454,True,False,False
travel permit 66353,organizational unit 65458,True,False,False
travel permit 66490,organizational unit 65456,True,False,False
travel permit 66585,organizational unit 65454,True,False,False
travel permit 66595,organizational unit 65458,True,False,False
travel permit 66746,organizational unit 65460,True,False,False
travel permit 6681,organizational unit 65460,True,False,False
travel permit 66869,organizational unit 65457,True,False,False
travel permit 67000,organizational unit 65456,True,False,False
travel permit 6720,organizational unit 65458,True,False,False
travel permit 67236,organizational unit 65457,True,False,False
travel permit 67363,organizational unit 65457,True,False,False
travel permit 67634,organizational unit 65464,True,False,False
travel permit 67652,organizational unit 65460,True,False,False
travel permit 67990,organizational unit 65456,True,False,False
travel permit 68089,organizational unit 65460,True,False,False
travel permit 68221,organizational unit 65455,True,False,False
travel permit 68483,organizational unit 65454,True,False,False
travel permit 68791,organizational unit 65466,True,False,False
travel permit 68901,organizational unit 65458,True,False,False
travel permit 68971,organizational unit 65456,True,False,False
travel permit 69150,organizational unit 65455,True,False,False
travel permit 6918,organizational unit 65460,True,False,False
travel permit 69200,organizational unit 65455,True,False,False
travel permit 69346,organizational unit 65458,True,False,False
travel permit 69430,organizational unit 65454,True,False,False
travel permit 69460,organizational unit 65458,True,False,False
travel permit 69484,organizational unit 65456,True,False,False
travel permit 69582,organizational unit 65458,True,False,False
travel permit 69860,organizational unit 65466,True,False,False
travel permit 6994,organizational unit 65458,True,False,False
travel permit 70169,organizational unit 65456,True,False,False
travel permit 70182,organizational unit 65456,True,False,False
travel permit 7020,organizational unit 65458,True,False,False
travel permit 70328,organizational unit 65459,True,False,False
travel permit 70903,organizational unit 65456,True,False,False
travel permit 70921,organizational unit 65456,True,False,False
travel permit 7097,organizational unit 65464,True,False,False
travel permit 70998,organizational unit 65458,True,False,False
travel permit 71195,organizational unit 65454,True,False,False
travel permit 71308,organizational unit 65454,True,False,False
travel permit 71375,organizational unit 65457,True,False,False
travel permit 71658,organizational unit 65464,True,False,False
travel permit 71832,organizational unit 65457,True,False,False
travel permit 72339,organizational unit 65458,True,False,False
travel permit 72543,organizational unit 65458,True,False,False
travel permit 72588,organizational unit 65455,True,False,False
travel permit 72629,organizational unit 65455,True,False,False
travel permit 72686,organizational unit 65455,True,False,False
travel permit 72877,organizational unit 65458,True,False,False
travel permit 7297,organizational unit 65454,True,False,False
travel permit 73049,organizational unit 65458,True,False,False
travel permit 73168,organizational unit 65455,True,False,False
travel permit 7317,organizational unit 65459,True,False,False
travel permit 73277,organizational unit 65458,True,False,False
travel permit 73429,organizational unit 65455,True,False,False
travel permit 73562,organizational unit 65455,True,False,False
travel permit 73652,organizational unit 65455,True,False,False
travel permit 73660,organizational unit 65458,True,False,False
travel permit 73907,organizational unit 65458,True,False,False
travel permit 74658,organizational unit 65458,True,False,False
travel permit 74669,organizational unit 65458,True,False,False
travel permit 74826,organizational unit 65455,True,False,False
travel permit 74834,organizational unit 65455,True,False,False
travel permit 74935,organizational unit 65455,True,False,False
travel permit 7496,organizational unit 65467,True,False,False
travel permit 75078,organizational unit 65458,True,False,False
travel permit 75303,organizational unit 65455,True,False,False
travel permit 75419,organizational unit 65458,True,False,False
travel permit 7558,organizational unit 65461,True,False,False
travel permit 75590,organizational unit 65455,True,False,False
travel permit 76054,organizational unit 65455,True,False,False
travel permit 76107,organizational unit 65458,True,False,False
travel permit 76238,organizational unit 65458,True,False,False
travel permit 76271,organizational unit 65458,True,False,False
travel permit 76455,organizational unit 65458,True,False,False
travel permit 76481,organizational unit 65455,True,False,False
travel permit 76590,organizational unit 65455,True,False,False
travel permit 76665,organizational unit 65458,True,False,False
travel permit 76734,organizational unit 65458,True,False,False
travel permit 76796,organizational unit 65458,True,False,False
travel permit 7683,organizational unit 65464,True,False,False
travel permit 77024,organizational unit 65455,True,False,False
travel permit 77132,organizational unit 65455,True,False,False
travel permit 77175,organizational unit 65455,True,False,False
travel permit 77814,organizational unit 65458,True,False,False
travel permit 78444,organizational unit 65455,True,False,False
travel permit 78479,organizational unit 65458,True,False,False
travel permit 78730,organizational unit 65458,True,False,False
travel permit 78784,organizational unit 65458,True,False,False
travel permit 78806,organizational unit 65458,True,False,False
travel permit 78827,organizational unit 65458,True,False,False
travel permit 79134,organizational unit 65458,True,False,False
travel permit 79232,organizational unit 65458,True,False,False
travel permit 79279,organizational unit 65455,True,False,False
travel permit 79381,organizational unit 65455,True,False,False
travel permit 79563,organizational unit 65455,True,False,False
travel permit 79604,organizational unit 65458,True,False,False
travel permit 79657,organizational unit 65458,True,False,False
travel permit 79947,organizational unit 65455,True,False,False
travel permit 8016,organizational unit 65457,True,False,False
travel permit 80189,organizational unit 65455,True,False,False
travel permit 80216,organizational unit 65458,True,False,False
travel permit 80234,organizational unit 65458,True,False,False
travel permit 80314,organizational unit 65458,True,False,False
travel permit 80322,organizational unit 65458,True,False,False
travel permit 8038,organizational unit 65458,True,False,False
travel permit 80439,organizational unit 65458,True,False,False
travel permit 80494,organizational unit 65458,True,False,False
travel permit 8058,organizational unit 65458,True,False,False
travel permit 80771,organizational unit 65458,True,False,False
travel permit 80821,organizational unit 65459,True,False,False
travel permit 80843,organizational unit 65458,True,False,False
travel permit 80857,organizational unit 65458,True,False,False
travel permit 8097,organizational unit 65466,True,False,False
travel permit 81110,organizational unit 65455,True,False,False
travel permit 81180,organizational unit 65458,True,False,False
travel permit 81213,organizational unit 65455,True,False,False
travel permit 81304,organizational unit 65455,True,False,False
travel permit 81702,organizational unit 65458,True,False,False
travel permit 81873,organizational unit 65455,True,False,False
travel permit 81896,organizational unit 65458,True,False,False
travel permit 8220,organizational unit 65460,True,False,False
travel permit 82297,organizational unit 65455,True,False,False
travel permit 8230,organizational unit 65460,True,False,False
travel permit 82337,organizational unit 65458,True,False,False
travel permit 8240,organizational unit 65460,True,False,False
travel permit 8250,organizational unit 65458,True,False,False
travel permit 82596,organizational unit 65459,True,False,False
travel permit 82630,organizational unit 65458,True,False,False
travel permit 82844,organizational unit 65455,True,False,False
travel permit 82875,organizational unit 65458,True,False,False
travel permit 82990,organizational unit 65458,True,False,False
travel permit 83071,organizational unit 65455,True,False,False
travel permit 83137,organizational unit 65455,True,False,False
travel permit 83155,organizational unit 65458,True,False,False
travel permit 83222,organizational unit 65458,True,False,False
travel permit 83246,organizational unit 65458,True,False,False
travel permit 83325,organizational unit 65455,True,False,False
travel permit 83513,organizational unit 65455,True,False,False
travel permit 83888,organizational unit 65458,True,False,False
travel permit 83896,organizational unit 65459,True,False,False
travel permit 84036,organizational unit 65458,True,False,False
travel permit 8405,organizational unit 65460,True,False,False
travel permit 84083,organizational unit 65455,True,False,False
travel permit 84107,organizational unit 65455,True,False,False
travel permit 84120,organizational unit 65458,True,False,False
travel permit 84155,organizational unit 65455,True,False,False
travel permit 8416,organizational unit 65460,True,False,False
travel permit 8426,organizational unit 65460,True,False,False
travel permit 84264,organizational unit 65455,True,False,False
travel permit 84567,organizational unit 65458,True,False,False
travel permit 84627,organizational unit 65455,True,False,False
travel permit 84788,organizational unit 65455,True,False,False
travel permit 84812,organizational unit 65455,True,False,False
travel permit 84855,organizational unit 65455,True,False,False
travel permit 84927,organizational unit 65458,True,False,False
travel permit 84988,organizational unit 65458,True,False,False
travel permit 85096,organizational unit 65455,True,False,False
travel permit 85106,organizational unit 65455,True,False,False
travel permit 8535,organizational unit 65456,True,False,False
travel permit 85466,organizational unit 65455,True,False,False
travel permit 8548,organizational unit 65456,True,False,False
travel permit 85614,organizational unit 65455,True,False,False
travel permit 85675,organizational unit 65455,True,False,False
travel permit 85685,organizational unit 65455,True,False,False
travel permit 85772,organizational unit 65455,True,False,False
travel permit 85803,organizational unit 65455,True,False,False
travel permit 85884,organizational unit 65458,True,False,False
travel permit 85892,organizational unit 65458,True,False,False
travel permit 86065,organizational unit 65455,True,False,False
travel permit 86100,organizational unit 65458,True,False,False
travel permit 86148,organizational unit 65455,True,False,False
travel permit 86158,organizational unit 65455,True,False,False
travel permit 86280,organizational unit 65458,True,False,False
travel permit 8631,organizational unit 65459,True,False,False
travel permit 86427,organizational unit 65458,True,False,False
travel permit 8668,organizational unit 65456,True,False,False
travel permit 8719,organizational unit 65460,True,False,False
travel permit 8729,organizational unit 65460,True,False,False
travel permit 8867,organizational unit 65460,True,False,False
travel permit 8899,organizational unit 65458,True,False,False
travel permit 8916,organizational unit 65456,True,False,False
travel permit 8942,organizational unit 65461,True,False,False
travel permit 9204,organizational unit 65464,True,False,False
travel permit 921,organizational unit 65458,True,False,False
travel permit 9330,organizational unit 65460,True,False,False
travel permit 9527,organizational unit 65456,True,False,False
travel permit 9674,organizational unit 65460,True,False,False
travel permit 9965,organizational unit 65454,True,False,False
